request_number,modified_option,content,notes
1,"{'num_keep': 5, 'seed': 42, 'num_predict': 100, 'top_k': 20, 'top_p': 0.9, 'tfs_z': 0.5, 'typical_p': 0.7, 'repeat_last_n': 33, 'temperature': 0.8, 'repeat_penalty': 1.2, 'presence_penalty': 1.5, 'frequency_penalty': 1.0, 'mirostat': 1, 'mirostat_tau': 0.8, 'mirostat_eta': 0.6, 'penalize_newline': True, 'stop': ['\n', 'user:'], 'numa': False, 'num_ctx': 1024, 'num_batch': 2, 'num_gpu': 1, 'main_gpu': 0, 'low_vram': False, 'f16_kv': True, 'vocab_only': False, 'use_mmap': True, 'use_mlock': False, 'num_thread': 8}","The color of the sky appears to be a brilliant shade of blue because of a combination of factors involving light, atmosphere, and physics. Here's what happens",
2,"{'num_keep': 5, 'seed': 42, 'num_predict': 100, 'top_k': 20, 'top_p': 0.9, 'tfs_z': 0.5, 'typical_p': 0.7, 'repeat_last_n': 33, 'temperature': 0.9, 'repeat_penalty': 1.2, 'presence_penalty': 1.5, 'frequency_penalty': 1.0, 'mirostat': 1, 'mirostat_tau': 0.8, 'mirostat_eta': 0.6, 'penalize_newline': True, 'stop': ['\n', 'user:'], 'numa': False, 'num_ctx': 1024, 'num_batch': 2, 'num_gpu': 1, 'main_gpu': 0, 'low_vram': False, 'f16_kv': True, 'vocab_only': False, 'use_mmap': True, 'use_mlock': False, 'num_thread': 8}","The color of the sky appears to be a shade of blue because our atmosphere scatters sunlight in such a way that shorter (blue) wavelengths are distributed more evenly around us, making them the most visible to our eyes. Here's why",
3,"{'num_keep': 5, 'seed': 42, 'num_predict': 100, 'top_k': 20, 'top_p': 0.9, 'tfs_z': 0.5, 'typical_p': 0.7, 'repeat_last_n': 33, 'temperature': 0.9, 'repeat_penalty': 1.2, 'presence_penalty': 1.5, 'frequency_penalty': 1.0, 'mirostat': 1, 'mirostat_tau': 0.8, 'mirostat_eta': 0.6, 'penalize_newline': True, 'stop': ['\n', 'user:'], 'numa': False, 'num_ctx': 1024, 'num_batch': 2, 'num_gpu': 1, 'main_gpu': 0, 'low_vram': False, 'f16_kv': True, 'vocab_only': False, 'use_mmap': True, 'use_mlock': False, 'num_thread': 8}","The sky appears blue because of a phenomenon called Rayleigh scattering, named after Lord Rayleigh who first described it in 1871. Here's what happens",
4,"{'num_keep': 5, 'seed': 42, 'num_predict': 100, 'top_k': 20, 'top_p': 0.9, 'tfs_z': 0.5, 'typical_p': 0.7, 'repeat_last_n': 33, 'temperature': 0.8, 'repeat_penalty': 1.2, 'presence_penalty': 1.5, 'frequency_penalty': 1.0, 'mirostat': 1, 'mirostat_tau': 0.8, 'mirostat_eta': 0.6, 'penalize_newline': True, 'stop': ['\n', 'user:'], 'numa': False, 'num_ctx': 1024, 'num_batch': 2, 'num_gpu': 1, 'main_gpu': 0, 'low_vram': False, 'f16_kv': True, 'vocab_only': False, 'use_mmap': True, 'use_mlock': False, 'num_thread': 8}","The color of the sky can appear to change depending on various factors such as time, atmospheric conditions and pollution. However, under normal circumstances, the main reason why we see a blue color in our sky is due to a phenomenon called scattering",
1,"{'num_keep': 5, 'seed': 42, 'num_predict': 100, 'top_k': 20, 'top_p': 0.9, 'tfs_z': 0.5, 'typical_p': 0.7, 'repeat_last_n': 33, 'temperature': 0.8, 'repeat_penalty': 1.2, 'presence_penalty': 1.5, 'frequency_penalty': 1.0, 'mirostat': 1, 'mirostat_tau': 0.8, 'mirostat_eta': 0.6, 'penalize_newline': True, 'stop': ['\n', 'user:'], 'numa': False, 'num_ctx': 1024, 'num_batch': 2, 'num_gpu': 1, 'main_gpu': 0, 'low_vram': False, 'f16_kv': True, 'vocab_only': False, 'use_mmap': True, 'use_mlock': False, 'num_thread': 8}","The color of the sky appears to be blue because of a phenomenon called Rayleigh scattering, which involves the interaction between light and tiny particles in our atmosphere",
2,"{'num_keep': 5, 'seed': 42, 'num_predict': 100, 'top_k': 20, 'top_p': 0.9, 'tfs_z': 0.5, 'typical_p': 0.7, 'repeat_last_n': 33, 'temperature': 0.8, 'repeat_penalty': 1.2, 'presence_penalty': 1.5, 'frequency_penalty': 1.0, 'mirostat': 1, 'mirostat_tau': 0.8, 'mirostat_eta': 0.6, 'penalize_newline': True, 'stop': ['\n', 'user:'], 'numa': False, 'num_ctx': 1024, 'num_batch': 2, 'num_gpu': 1, 'main_gpu': 0, 'low_vram': False, 'f16_kv': True, 'vocab_only': False, 'use_mmap': True, 'use_mlock': False, 'num_thread': 8}","The color of the sky can appear to change depending on various factors such as time, atmospheric conditions, and observer's location. However, when we talk about why the daytime sky appears blue in general terms",
3,"{'num_keep': 5, 'seed': 42, 'num_predict': 100, 'top_k': 20, 'top_p': 0.9, 'tfs_z': 0.5, 'typical_p': 0.7, 'repeat_last_n': 33, 'temperature': 0.8, 'repeat_penalty': 1.2, 'presence_penalty': 1.5, 'frequency_penalty': 1.0, 'mirostat': 1, 'mirostat_tau': 0.8, 'mirostat_eta': 0.6, 'penalize_newline': True, 'stop': ['\n', 'user:'], 'numa': False, 'num_ctx': 1024, 'num_batch': 2, 'num_gpu': 1, 'main_gpu': 0, 'low_vram': False, 'f16_kv': True, 'vocab_only': False, 'use_mmap': True, 'use_mlock': False, 'num_thread': 8}","The color of the sky can appear different depending on various factors like atmospheric conditions, time of day, and location. However, under normal circumstances, the sky typically appears blue because of a phenomenon called Rayleigh scattering",
4,"{'num_keep': 5, 'seed': 42, 'num_predict': 100, 'top_k': 20, 'top_p': 0.9, 'tfs_z': 0.5, 'typical_p': 0.7, 'repeat_last_n': 33, 'temperature': 0.8, 'repeat_penalty': 1.2, 'presence_penalty': 1.5, 'frequency_penalty': 1.0, 'mirostat': 1, 'mirostat_tau': 0.8, 'mirostat_eta': 0.6, 'penalize_newline': True, 'stop': ['\n', 'user:'], 'numa': False, 'num_ctx': 1024, 'num_batch': 2, 'num_gpu': 1, 'main_gpu': 0, 'low_vram': False, 'f16_kv': True, 'vocab_only': False, 'use_mmap': True, 'use_mlock': False, 'num_thread': 8}","The color of the sky appears to be a brilliant shade of blue because our atmosphere scatters sunlight in such a way that it favors shorter, bluer wavelengths over longer, redder ones. This phenomenon is known as Rayleigh scattering",
1,"{'num_keep': 5, 'seed': 123, 'num_predict': 100, 'top_k': 20, 'top_p': 0.9, 'tfs_z': 0.5, 'typical_p': 0.7, 'repeat_last_n': 33, 'temperature': 0, 'repeat_penalty': 1.2, 'presence_penalty': 1.5, 'frequency_penalty': 1.0, 'mirostat': 1, 'mirostat_tau': 0.8, 'mirostat_eta': 0.6, 'penalize_newline': True, 'stop': ['\n', 'user:'], 'numa': False, 'num_ctx': 1024, 'num_batch': 2, 'num_gpu': 1, 'main_gpu': 0, 'low_vram': False, 'f16_kv': True, 'vocab_only': False, 'use_mmap': True, 'use_mlock': False, 'num_thread': 8}",The color of the sky appears to be a shade of blue because of a phenomenon called Rayleigh scattering. This occurs when sunlight enters Earth's atmosphere and encounters tiny molecules of gases such as nitrogen (N2) and oxygen (O2,
2,"{'num_keep': 5, 'seed': 123, 'num_predict': 100, 'top_k': 20, 'top_p': 0.9, 'tfs_z': 0.5, 'typical_p': 0.7, 'repeat_last_n': 33, 'temperature': 0, 'repeat_penalty': 1.2, 'presence_penalty': 1.5, 'frequency_penalty': 1.0, 'mirostat': 1, 'mirostat_tau': 0.8, 'mirostat_eta': 0.6, 'penalize_newline': True, 'stop': ['\n', 'user:'], 'numa': False, 'num_ctx': 1024, 'num_batch': 2, 'num_gpu': 1, 'main_gpu': 0, 'low_vram': False, 'f16_kv': True, 'vocab_only': False, 'use_mmap': True, 'use_mlock': False, 'num_thread': 8}",The color of the sky appears to be a shade of blue because of a phenomenon called Rayleigh scattering. This occurs when sunlight enters Earth's atmosphere and encounters tiny molecules of gases such as nitrogen (N2) and oxygen (O2,
3,"{'num_keep': 5, 'seed': 123, 'num_predict': 100, 'top_k': 20, 'top_p': 0.9, 'tfs_z': 0.5, 'typical_p': 0.7, 'repeat_last_n': 33, 'temperature': 0, 'repeat_penalty': 1.2, 'presence_penalty': 1.5, 'frequency_penalty': 1.0, 'mirostat': 1, 'mirostat_tau': 0.8, 'mirostat_eta': 0.6, 'penalize_newline': True, 'stop': ['\n', 'user:'], 'numa': False, 'num_ctx': 1024, 'num_batch': 2, 'num_gpu': 1, 'main_gpu': 0, 'low_vram': False, 'f16_kv': True, 'vocab_only': False, 'use_mmap': True, 'use_mlock': False, 'num_thread': 8}",The color of the sky appears to be a shade of blue because of a phenomenon called Rayleigh scattering. This occurs when sunlight enters Earth's atmosphere and encounters tiny molecules of gases such as nitrogen (N2) and oxygen (O2,
4,"{'num_keep': 5, 'seed': 123, 'num_predict': 100, 'top_k': 20, 'top_p': 0.9, 'tfs_z': 0.5, 'typical_p': 0.7, 'repeat_last_n': 33, 'temperature': 0, 'repeat_penalty': 1.2, 'presence_penalty': 1.5, 'frequency_penalty': 1.0, 'mirostat': 1, 'mirostat_tau': 0.8, 'mirostat_eta': 0.6, 'penalize_newline': True, 'stop': ['\n', 'user:'], 'numa': False, 'num_ctx': 1024, 'num_batch': 2, 'num_gpu': 1, 'main_gpu': 0, 'low_vram': False, 'f16_kv': True, 'vocab_only': False, 'use_mmap': True, 'use_mlock': False, 'num_thread': 8}",The color of the sky appears to be a shade of blue because of a phenomenon called Rayleigh scattering. This occurs when sunlight enters Earth's atmosphere and encounters tiny molecules of gases such as nitrogen (N2) and oxygen (O2,
1,"{'num_keep': 5, 'seed': 40, 'num_predict': 100, 'top_k': 20, 'top_p': 0.9, 'tfs_z': 0.5, 'typical_p': 0.7, 'repeat_last_n': 33, 'temperature': 0, 'repeat_penalty': 1.2, 'presence_penalty': 1.5, 'frequency_penalty': 1.0, 'mirostat': 1, 'mirostat_tau': 0.8, 'mirostat_eta': 0.6, 'penalize_newline': True, 'stop': ['\n', 'user:'], 'numa': False, 'num_ctx': 1024, 'num_batch': 2, 'num_gpu': 1, 'main_gpu': 0, 'low_vram': False, 'f16_kv': True, 'vocab_only': False, 'use_mmap': True, 'use_mlock': False, 'num_thread': 8}",The color of the sky appears to be a shade of blue because of a phenomenon called Rayleigh scattering. This occurs when sunlight enters Earth's atmosphere and encounters tiny molecules of gases such as nitrogen (N2) and oxygen (O2,
2,"{'num_keep': 5, 'seed': 40, 'num_predict': 100, 'top_k': 20, 'top_p': 0.9, 'tfs_z': 0.5, 'typical_p': 0.7, 'repeat_last_n': 33, 'temperature': 0, 'repeat_penalty': 1.2, 'presence_penalty': 1.5, 'frequency_penalty': 1.0, 'mirostat': 1, 'mirostat_tau': 0.8, 'mirostat_eta': 0.6, 'penalize_newline': True, 'stop': ['\n', 'user:'], 'numa': False, 'num_ctx': 1024, 'num_batch': 2, 'num_gpu': 1, 'main_gpu': 0, 'low_vram': False, 'f16_kv': True, 'vocab_only': False, 'use_mmap': True, 'use_mlock': False, 'num_thread': 8}",The color of the sky appears to be a shade of blue because of a phenomenon called Rayleigh scattering. This occurs when sunlight enters Earth's atmosphere and encounters tiny molecules of gases such as nitrogen (N2) and oxygen (O2,
3,"{'num_keep': 5, 'seed': 40, 'num_predict': 100, 'top_k': 20, 'top_p': 0.9, 'tfs_z': 0.5, 'typical_p': 0.7, 'repeat_last_n': 33, 'temperature': 0, 'repeat_penalty': 1.2, 'presence_penalty': 1.5, 'frequency_penalty': 1.0, 'mirostat': 1, 'mirostat_tau': 0.8, 'mirostat_eta': 0.6, 'penalize_newline': True, 'stop': ['\n', 'user:'], 'numa': False, 'num_ctx': 1024, 'num_batch': 2, 'num_gpu': 1, 'main_gpu': 0, 'low_vram': False, 'f16_kv': True, 'vocab_only': False, 'use_mmap': True, 'use_mlock': False, 'num_thread': 8}",The color of the sky appears to be a shade of blue because of a phenomenon called Rayleigh scattering. This occurs when sunlight enters Earth's atmosphere and encounters tiny molecules of gases such as nitrogen (N2) and oxygen (O2,
4,"{'num_keep': 5, 'seed': 40, 'num_predict': 100, 'top_k': 20, 'top_p': 0.9, 'tfs_z': 0.5, 'typical_p': 0.7, 'repeat_last_n': 33, 'temperature': 0, 'repeat_penalty': 1.2, 'presence_penalty': 1.5, 'frequency_penalty': 1.0, 'mirostat': 1, 'mirostat_tau': 0.8, 'mirostat_eta': 0.6, 'penalize_newline': True, 'stop': ['\n', 'user:'], 'numa': False, 'num_ctx': 1024, 'num_batch': 2, 'num_gpu': 1, 'main_gpu': 0, 'low_vram': False, 'f16_kv': True, 'vocab_only': False, 'use_mmap': True, 'use_mlock': False, 'num_thread': 8}",The color of the sky appears to be a shade of blue because of a phenomenon called Rayleigh scattering. This occurs when sunlight enters Earth's atmosphere and encounters tiny molecules of gases such as nitrogen (N2) and oxygen (O2,
1,"{'format': 'json', 'num_keep': 5, 'seed': 40, 'num_predict': -1, 'top_k': 20, 'top_p': 0.9, 'tfs_z': 0.5, 'typical_p': 0.7, 'repeat_last_n': 33, 'temperature': 0, 'repeat_penalty': 1.2, 'presence_penalty': 1.5, 'frequency_penalty': 1.0, 'mirostat': 1, 'mirostat_tau': 0.8, 'mirostat_eta': 0.6, 'penalize_newline': True, 'stop': ['\n', 'user:'], 'numa': False, 'num_ctx': 1024, 'num_batch': 2, 'num_gpu': 1, 'main_gpu': 0, 'low_vram': False, 'f16_kv': True, 'vocab_only': False, 'use_mmap': True, 'use_mlock': False, 'num_thread': 8}","This appears to be a list of travel itineraries, with each entry representing an individual's trip. The columns provide the following information",
2,"{'format': 'json', 'num_keep': 10, 'seed': 40, 'num_predict': -1, 'top_k': 20, 'top_p': 0.9, 'tfs_z': 0.5, 'typical_p': 0.7, 'repeat_last_n': 33, 'temperature': 0, 'repeat_penalty': 1.2, 'presence_penalty': 1.5, 'frequency_penalty': 1.0, 'mirostat': 1, 'mirostat_tau': 0.8, 'mirostat_eta': 0.6, 'penalize_newline': True, 'stop': ['\n', 'user:'], 'numa': False, 'num_ctx': 1024, 'num_batch': 2, 'num_gpu': 1, 'main_gpu': 0, 'low_vram': False, 'f16_kv': True, 'vocab_only': False, 'use_mmap': True, 'use_mlock': False, 'num_thread': 8}",I've detected the following personal ID information,
3,"{'format': 'json', 'num_keep': 10, 'seed': 40, 'num_predict': -1, 'top_k': 20, 'top_p': 0.9, 'tfs_z': 0.5, 'typical_p': 0.7, 'repeat_last_n': 33, 'temperature': 0, 'repeat_penalty': 1.2, 'presence_penalty': 1.5, 'frequency_penalty': 1.0, 'mirostat': 1, 'mirostat_tau': 0.8, 'mirostat_eta': 0.6, 'penalize_newline': True, 'stop': ['\n', 'user:'], 'numa': False, 'num_ctx': 1024, 'num_batch': 2, 'num_gpu': 1, 'main_gpu': 0, 'low_vram': False, 'f16_kv': True, 'vocab_only': False, 'use_mmap': True, 'use_mlock': False, 'num_thread': 8}",I've detected the following personal ID information,
4,"{'format': 'json', 'num_keep': 5, 'seed': 40, 'num_predict': -1, 'top_k': 20, 'top_p': 0.9, 'tfs_z': 0.5, 'typical_p': 0.7, 'repeat_last_n': 33, 'temperature': 0, 'repeat_penalty': 1.2, 'presence_penalty': 1.5, 'frequency_penalty': 1.0, 'mirostat': 1, 'mirostat_tau': 0.8, 'mirostat_eta': 0.6, 'penalize_newline': True, 'stop': ['\n', 'user:'], 'numa': False, 'num_ctx': 1024, 'num_batch': 2, 'num_gpu': 1, 'main_gpu': 0, 'low_vram': False, 'f16_kv': True, 'vocab_only': False, 'use_mmap': True, 'use_mlock': False, 'num_thread': 8}","This appears to be a list of travel itineraries, with each entry representing an individual's trip. The columns provide the following information",
1,"{'format': 'json', 'num_keep': 10, 'seed': 40, 'num_predict': -1, 'top_k': 20, 'top_p': 0.9, 'tfs_z': 0.5, 'typical_p': 0.7, 'repeat_last_n': 33, 'temperature': 0, 'repeat_penalty': 1.2, 'presence_penalty': 1.5, 'frequency_penalty': 1.0, 'mirostat': 1, 'mirostat_tau': 0.8, 'mirostat_eta': 0.6, 'penalize_newline': True, 'stop': ['\n', 'user:'], 'numa': False, 'num_ctx': 1024, 'num_batch': 2, 'num_gpu': 1, 'main_gpu': 0, 'low_vram': False, 'f16_kv': True, 'vocab_only': False, 'use_mmap': True, 'use_mlock': False, 'num_thread': 8}","After reviewing the dataset, I detected personal identifiable information (PII) in the following fields",
2,"{'format': 'json', 'num_keep': 10, 'seed': 40, 'num_predict': -1, 'top_k': 20, 'top_p': 0.9, 'tfs_z': 0.5, 'typical_p': 0.7, 'repeat_last_n': 33, 'temperature': 0, 'repeat_penalty': 1.2, 'presence_penalty': 1.5, 'frequency_penalty': 1.0, 'mirostat': 1, 'mirostat_tau': 0.8, 'mirostat_eta': 0.6, 'penalize_newline': True, 'stop': ['\n', 'user:'], 'numa': False, 'num_ctx': 1024, 'num_batch': 2, 'num_gpu': 1, 'main_gpu': 0, 'low_vram': False, 'f16_kv': True, 'vocab_only': False, 'use_mmap': True, 'use_mlock': False, 'num_thread': 8}","After reviewing the dataset, I detected personal identifiable information (PII) in the following fields",
3,"{'format': 'json', 'num_keep': 5, 'seed': 40, 'num_predict': 100, 'top_k': 20, 'top_p': 0.9, 'tfs_z': 0.5, 'typical_p': 0.7, 'repeat_last_n': 33, 'temperature': 0, 'repeat_penalty': 1.2, 'presence_penalty': 1.5, 'frequency_penalty': 1.0, 'mirostat': 1, 'mirostat_tau': 0.8, 'mirostat_eta': 0.6, 'penalize_newline': True, 'stop': ['\n', 'user:'], 'numa': False, 'num_ctx': 1024, 'num_batch': 2, 'num_gpu': 1, 'main_gpu': 0, 'low_vram': False, 'f16_kv': True, 'vocab_only': False, 'use_mmap': True, 'use_mlock': False, 'num_thread': 8}","After reviewing the dataset, I detected personal identifiable information (PII) in the following fields",
4,"{'format': 'json', 'num_keep': 5, 'seed': 40, 'num_predict': 100, 'top_k': 20, 'top_p': 0.9, 'tfs_z': 0.5, 'typical_p': 0.7, 'repeat_last_n': 33, 'temperature': 0, 'repeat_penalty': 1.2, 'presence_penalty': 1.5, 'frequency_penalty': 1.0, 'mirostat': 1, 'mirostat_tau': 0.8, 'mirostat_eta': 0.6, 'penalize_newline': True, 'stop': ['\n', 'user:'], 'numa': False, 'num_ctx': 1024, 'num_batch': 2, 'num_gpu': 1, 'main_gpu': 0, 'low_vram': False, 'f16_kv': True, 'vocab_only': False, 'use_mmap': True, 'use_mlock': False, 'num_thread': 8}","After reviewing the dataset, I detected personal identifiable information (PII) in the following fields",
5,"{'format': 'json', 'num_keep': 5, 'seed': 40, 'num_predict': -1, 'top_k': 20, 'top_p': 0.9, 'tfs_z': 0.5, 'typical_p': 0.7, 'repeat_last_n': 33, 'temperature': 0, 'repeat_penalty': 1.2, 'presence_penalty': 1.5, 'frequency_penalty': 1.0, 'mirostat': 1, 'mirostat_tau': 0.8, 'mirostat_eta': 0.6, 'penalize_newline': True, 'stop': ['\n', 'user:'], 'numa': False, 'num_ctx': 1024, 'num_batch': 2, 'num_gpu': 1, 'main_gpu': 0, 'low_vram': False, 'f16_kv': True, 'vocab_only': False, 'use_mmap': True, 'use_mlock': False, 'num_thread': 8}","After reviewing the dataset, I detected personal identifiable information (PII) in the following fields",
6,"{'format': 'json', 'num_keep': 5, 'seed': 40, 'num_predict': -1, 'top_k': 20, 'top_p': 0.9, 'tfs_z': 0.5, 'typical_p': 0.7, 'repeat_last_n': 33, 'temperature': 0, 'repeat_penalty': 1.2, 'presence_penalty': 1.5, 'frequency_penalty': 1.0, 'mirostat': 1, 'mirostat_tau': 0.8, 'mirostat_eta': 0.6, 'penalize_newline': True, 'stop': ['\n', 'user:'], 'numa': False, 'num_ctx': 1024, 'num_batch': 2, 'num_gpu': 1, 'main_gpu': 0, 'low_vram': False, 'f16_kv': True, 'vocab_only': False, 'use_mmap': True, 'use_mlock': False, 'num_thread': 8}","After reviewing the dataset, I detected personal identifiable information (PII) in the following fields",
1,"{'num_keep': 10, 'seed': 40, 'num_predict': -1, 'top_k': 20, 'top_p': 0.9, 'tfs_z': 0.5, 'typical_p': 0.7, 'repeat_last_n': 33, 'temperature': 0, 'repeat_penalty': 1.2, 'presence_penalty': 1.5, 'frequency_penalty': 1.0, 'mirostat': 1, 'mirostat_tau': 0.8, 'mirostat_eta': 0.6, 'penalize_newline': True, 'stop': ['\n', 'user:'], 'numa': False, 'num_ctx': 1024, 'num_batch': 2, 'num_gpu': 1, 'main_gpu': 0, 'low_vram': False, 'f16_kv': True, 'vocab_only': False, 'use_mmap': True, 'use_mlock': False, 'num_thread': 8}","After reviewing the dataset, I detected personal identifiable information (PII) in the following fields",
2,"{'num_keep': 10, 'seed': 40, 'num_predict': -1, 'top_k': 20, 'top_p': 0.9, 'tfs_z': 0.5, 'typical_p': 0.7, 'repeat_last_n': 33, 'temperature': 0, 'repeat_penalty': 1.2, 'presence_penalty': 1.5, 'frequency_penalty': 1.0, 'mirostat': 1, 'mirostat_tau': 0.8, 'mirostat_eta': 0.6, 'penalize_newline': True, 'stop': ['\n', 'user:'], 'numa': False, 'num_ctx': 1024, 'num_batch': 2, 'num_gpu': 1, 'main_gpu': 0, 'low_vram': False, 'f16_kv': True, 'vocab_only': False, 'use_mmap': True, 'use_mlock': False, 'num_thread': 8}","After reviewing the dataset, I detected personal identifiable information (PII) in the following fields",
3,"{'num_keep': 5, 'seed': 40, 'num_predict': 100, 'top_k': 20, 'top_p': 0.9, 'tfs_z': 0.5, 'typical_p': 0.7, 'repeat_last_n': 33, 'temperature': 0, 'repeat_penalty': 1.2, 'presence_penalty': 1.5, 'frequency_penalty': 1.0, 'mirostat': 1, 'mirostat_tau': 0.8, 'mirostat_eta': 0.6, 'penalize_newline': True, 'stop': ['\n', 'user:'], 'numa': False, 'num_ctx': 1024, 'num_batch': 2, 'num_gpu': 1, 'main_gpu': 0, 'low_vram': False, 'f16_kv': True, 'vocab_only': False, 'use_mmap': True, 'use_mlock': False, 'num_thread': 8}","After reviewing the dataset, I detected personal identifiable information (PII) in the following fields",
4,"{'num_keep': 5, 'seed': 40, 'num_predict': 100, 'top_k': 20, 'top_p': 0.9, 'tfs_z': 0.5, 'typical_p': 0.7, 'repeat_last_n': 33, 'temperature': 0, 'repeat_penalty': 1.2, 'presence_penalty': 1.5, 'frequency_penalty': 1.0, 'mirostat': 1, 'mirostat_tau': 0.8, 'mirostat_eta': 0.6, 'penalize_newline': True, 'stop': ['\n', 'user:'], 'numa': False, 'num_ctx': 1024, 'num_batch': 2, 'num_gpu': 1, 'main_gpu': 0, 'low_vram': False, 'f16_kv': True, 'vocab_only': False, 'use_mmap': True, 'use_mlock': False, 'num_thread': 8}","After reviewing the dataset, I detected personal identifiable information (PII) in the following fields",
5,"{'num_keep': 5, 'seed': 40, 'num_predict': -1, 'top_k': 20, 'top_p': 0.9, 'tfs_z': 0.5, 'typical_p': 0.7, 'repeat_last_n': 33, 'temperature': 0, 'repeat_penalty': 1.2, 'presence_penalty': 1.5, 'frequency_penalty': 1.0, 'mirostat': 1, 'mirostat_tau': 0.8, 'mirostat_eta': 0.6, 'penalize_newline': True, 'stop': ['\n', 'user:'], 'numa': False, 'num_ctx': 1024, 'num_batch': 2, 'num_gpu': 1, 'main_gpu': 0, 'low_vram': False, 'f16_kv': True, 'vocab_only': False, 'use_mmap': True, 'use_mlock': False, 'num_thread': 8}","After reviewing the dataset, I detected personal identifiable information (PII) in the following fields",
6,"{'num_keep': 5, 'seed': 40, 'num_predict': -1, 'top_k': 20, 'top_p': 0.9, 'tfs_z': 0.5, 'typical_p': 0.7, 'repeat_last_n': 33, 'temperature': 0, 'repeat_penalty': 1.2, 'presence_penalty': 1.5, 'frequency_penalty': 1.0, 'mirostat': 1, 'mirostat_tau': 0.8, 'mirostat_eta': 0.6, 'penalize_newline': True, 'stop': ['\n', 'user:'], 'numa': False, 'num_ctx': 1024, 'num_batch': 2, 'num_gpu': 1, 'main_gpu': 0, 'low_vram': False, 'f16_kv': True, 'vocab_only': False, 'use_mmap': True, 'use_mlock': False, 'num_thread': 8}","After reviewing the dataset, I detected personal identifiable information (PII) in the following fields",
1,"{'num_keep': 10, 'seed': 40, 'num_predict': -1, 'top_k': 20, 'top_p': 0.9, 'tfs_z': 0.5, 'typical_p': 0.7, 'repeat_last_n': 33, 'temperature': 0, 'repeat_penalty': 1.2, 'presence_penalty': 1.5, 'frequency_penalty': 1.0, 'mirostat': 1, 'mirostat_tau': 0.8, 'mirostat_eta': 0.6, 'penalize_newline': True, 'stop': ['\n', 'user:'], 'numa': False, 'num_ctx': 1024, 'num_batch': 2, 'num_gpu': 1, 'main_gpu': 0, 'low_vram': False, 'f16_kv': True, 'vocab_only': False, 'use_mmap': True, 'use_mlock': False, 'num_thread': 8}",What a great question,
2,"{'num_keep': 10, 'seed': 40, 'num_predict': -1, 'top_k': 20, 'top_p': 0.9, 'tfs_z': 0.5, 'typical_p': 0.7, 'repeat_last_n': 33, 'temperature': 0, 'repeat_penalty': 1.2, 'presence_penalty': 1.5, 'frequency_penalty': 1.0, 'mirostat': 1, 'mirostat_tau': 0.8, 'mirostat_eta': 0.6, 'penalize_newline': True, 'stop': ['\n', 'user:'], 'numa': False, 'num_ctx': 1024, 'num_batch': 2, 'num_gpu': 1, 'main_gpu': 0, 'low_vram': False, 'f16_kv': True, 'vocab_only': False, 'use_mmap': True, 'use_mlock': False, 'num_thread': 8}",What a great question,
3,"{'num_keep': 5, 'seed': 40, 'num_predict': 100, 'top_k': 20, 'top_p': 0.9, 'tfs_z': 0.5, 'typical_p': 0.7, 'repeat_last_n': 33, 'temperature': 0, 'repeat_penalty': 1.2, 'presence_penalty': 1.5, 'frequency_penalty': 1.0, 'mirostat': 1, 'mirostat_tau': 0.8, 'mirostat_eta': 0.6, 'penalize_newline': True, 'stop': ['\n', 'user:'], 'numa': False, 'num_ctx': 1024, 'num_batch': 2, 'num_gpu': 1, 'main_gpu': 0, 'low_vram': False, 'f16_kv': True, 'vocab_only': False, 'use_mmap': True, 'use_mlock': False, 'num_thread': 8}",What a great question,
4,"{'num_keep': 5, 'seed': 40, 'num_predict': 100, 'top_k': 20, 'top_p': 0.9, 'tfs_z': 0.5, 'typical_p': 0.7, 'repeat_last_n': 33, 'temperature': 0, 'repeat_penalty': 1.2, 'presence_penalty': 1.5, 'frequency_penalty': 1.0, 'mirostat': 1, 'mirostat_tau': 0.8, 'mirostat_eta': 0.6, 'penalize_newline': True, 'stop': ['\n', 'user:'], 'numa': False, 'num_ctx': 1024, 'num_batch': 2, 'num_gpu': 1, 'main_gpu': 0, 'low_vram': False, 'f16_kv': True, 'vocab_only': False, 'use_mmap': True, 'use_mlock': False, 'num_thread': 8}",What a great question,
5,"{'num_keep': 5, 'seed': 40, 'num_predict': -1, 'top_k': 20, 'top_p': 0.9, 'tfs_z': 0.5, 'typical_p': 0.7, 'repeat_last_n': 33, 'temperature': 0, 'repeat_penalty': 1.2, 'presence_penalty': 1.5, 'frequency_penalty': 1.0, 'mirostat': 1, 'mirostat_tau': 0.8, 'mirostat_eta': 0.6, 'penalize_newline': True, 'stop': ['\n', 'user:'], 'numa': False, 'num_ctx': 1024, 'num_batch': 2, 'num_gpu': 1, 'main_gpu': 0, 'low_vram': False, 'f16_kv': True, 'vocab_only': False, 'use_mmap': True, 'use_mlock': False, 'num_thread': 8}",What a great question,
6,"{'num_keep': 5, 'seed': 40, 'num_predict': -1, 'top_k': 20, 'top_p': 0.9, 'tfs_z': 0.5, 'typical_p': 0.7, 'repeat_last_n': 33, 'temperature': 0, 'repeat_penalty': 1.2, 'presence_penalty': 1.5, 'frequency_penalty': 1.0, 'mirostat': 1, 'mirostat_tau': 0.8, 'mirostat_eta': 0.6, 'penalize_newline': True, 'stop': ['\n', 'user:'], 'numa': False, 'num_ctx': 1024, 'num_batch': 2, 'num_gpu': 1, 'main_gpu': 0, 'low_vram': False, 'f16_kv': True, 'vocab_only': False, 'use_mmap': True, 'use_mlock': False, 'num_thread': 8}",What a great question,
1,"{'num_keep': 10, 'seed': 40, 'num_predict': -1, 'top_k': 20, 'top_p': 0.9, 'tfs_z': 0.5, 'typical_p': 0.7, 'repeat_last_n': 33, 'temperature': 0, 'repeat_penalty': 1.2, 'presence_penalty': 1.5, 'frequency_penalty': 1.0, 'mirostat': 1, 'mirostat_tau': 0.8, 'mirostat_eta': 0.6, 'penalize_newline': True, 'stop': ['\n', 'user:'], 'numa': False, 'num_ctx': 1024, 'num_batch': 2, 'num_gpu': 1, 'main_gpu': 0, 'low_vram': False, 'f16_kv': True, 'vocab_only': False, 'use_mmap': True, 'use_mlock': False, 'num_thread': 8}",I've detected the following personal identifiable information (PII) in the text,
2,"{'num_keep': 10, 'seed': 40, 'num_predict': -1, 'top_k': 20, 'top_p': 0.9, 'tfs_z': 0.5, 'typical_p': 0.7, 'repeat_last_n': 33, 'temperature': 0, 'repeat_penalty': 1.2, 'presence_penalty': 1.5, 'frequency_penalty': 1.0, 'mirostat': 1, 'mirostat_tau': 0.8, 'mirostat_eta': 0.6, 'penalize_newline': True, 'stop': ['\n', 'user:'], 'numa': False, 'num_ctx': 1024, 'num_batch': 2, 'num_gpu': 1, 'main_gpu': 0, 'low_vram': False, 'f16_kv': True, 'vocab_only': False, 'use_mmap': True, 'use_mlock': False, 'num_thread': 8}",I've detected the following personal identifiable information (PII) in the text,
3,"{'num_keep': 5, 'seed': 40, 'num_predict': 100, 'top_k': 20, 'top_p': 0.9, 'tfs_z': 0.5, 'typical_p': 0.7, 'repeat_last_n': 33, 'temperature': 0, 'repeat_penalty': 1.2, 'presence_penalty': 1.5, 'frequency_penalty': 1.0, 'mirostat': 1, 'mirostat_tau': 0.8, 'mirostat_eta': 0.6, 'penalize_newline': True, 'stop': ['\n', 'user:'], 'numa': False, 'num_ctx': 1024, 'num_batch': 2, 'num_gpu': 1, 'main_gpu': 0, 'low_vram': False, 'f16_kv': True, 'vocab_only': False, 'use_mmap': True, 'use_mlock': False, 'num_thread': 8}",I've detected the following personal identifiable information (PII) in the text,
4,"{'num_keep': 5, 'seed': 40, 'num_predict': 100, 'top_k': 20, 'top_p': 0.9, 'tfs_z': 0.5, 'typical_p': 0.7, 'repeat_last_n': 33, 'temperature': 0, 'repeat_penalty': 1.2, 'presence_penalty': 1.5, 'frequency_penalty': 1.0, 'mirostat': 1, 'mirostat_tau': 0.8, 'mirostat_eta': 0.6, 'penalize_newline': True, 'stop': ['\n', 'user:'], 'numa': False, 'num_ctx': 1024, 'num_batch': 2, 'num_gpu': 1, 'main_gpu': 0, 'low_vram': False, 'f16_kv': True, 'vocab_only': False, 'use_mmap': True, 'use_mlock': False, 'num_thread': 8}",I've detected the following personal identifiable information (PII) in the text,
5,"{'num_keep': 5, 'seed': 40, 'num_predict': -1, 'top_k': 20, 'top_p': 0.9, 'tfs_z': 0.5, 'typical_p': 0.7, 'repeat_last_n': 33, 'temperature': 0, 'repeat_penalty': 1.2, 'presence_penalty': 1.5, 'frequency_penalty': 1.0, 'mirostat': 1, 'mirostat_tau': 0.8, 'mirostat_eta': 0.6, 'penalize_newline': True, 'stop': ['\n', 'user:'], 'numa': False, 'num_ctx': 1024, 'num_batch': 2, 'num_gpu': 1, 'main_gpu': 0, 'low_vram': False, 'f16_kv': True, 'vocab_only': False, 'use_mmap': True, 'use_mlock': False, 'num_thread': 8}",I've detected the following personal identifiable information (PII) in the text,
6,"{'num_keep': 5, 'seed': 40, 'num_predict': -1, 'top_k': 20, 'top_p': 0.9, 'tfs_z': 0.5, 'typical_p': 0.7, 'repeat_last_n': 33, 'temperature': 0, 'repeat_penalty': 1.2, 'presence_penalty': 1.5, 'frequency_penalty': 1.0, 'mirostat': 1, 'mirostat_tau': 0.8, 'mirostat_eta': 0.6, 'penalize_newline': True, 'stop': ['\n', 'user:'], 'numa': False, 'num_ctx': 1024, 'num_batch': 2, 'num_gpu': 1, 'main_gpu': 0, 'low_vram': False, 'f16_kv': True, 'vocab_only': False, 'use_mmap': True, 'use_mlock': False, 'num_thread': 8}",I've detected the following personal identifiable information (PII) in the text,
1,"{'num_keep': 10, 'seed': 40, 'num_predict': -1, 'top_k': 20, 'top_p': 0.9, 'tfs_z': 0.5, 'typical_p': 0.7, 'repeat_last_n': 33, 'temperature': 0, 'repeat_penalty': 1.2, 'presence_penalty': 1.5, 'frequency_penalty': 1.0, 'mirostat': 1, 'mirostat_tau': 0.8, 'mirostat_eta': 0.6, 'penalize_newline': True, 'stop': ['\n', 'user:'], 'numa': False, 'num_ctx': 1024, 'num_batch': 2, 'num_gpu': 1, 'main_gpu': 0, 'low_vram': False, 'f16_kv': True, 'vocab_only': False, 'use_mmap': True, 'use_mlock': False, 'num_thread': 8}",What a great question,
2,"{'num_keep': 10, 'seed': 40, 'num_predict': -1, 'top_k': 20, 'top_p': 0.9, 'tfs_z': 0.5, 'typical_p': 0.7, 'repeat_last_n': 33, 'temperature': 0, 'repeat_penalty': 1.2, 'presence_penalty': 1.5, 'frequency_penalty': 1.0, 'mirostat': 1, 'mirostat_tau': 0.8, 'mirostat_eta': 0.6, 'penalize_newline': True, 'stop': ['\n', 'user:'], 'numa': False, 'num_ctx': 1024, 'num_batch': 2, 'num_gpu': 1, 'main_gpu': 0, 'low_vram': False, 'f16_kv': True, 'vocab_only': False, 'use_mmap': True, 'use_mlock': False, 'num_thread': 8}",What a great question,
3,"{'num_keep': 5, 'seed': 40, 'num_predict': 100, 'top_k': 20, 'top_p': 0.9, 'tfs_z': 0.5, 'typical_p': 0.7, 'repeat_last_n': 33, 'temperature': 0, 'repeat_penalty': 1.2, 'presence_penalty': 1.5, 'frequency_penalty': 1.0, 'mirostat': 1, 'mirostat_tau': 0.8, 'mirostat_eta': 0.6, 'penalize_newline': True, 'stop': ['\n', 'user:'], 'numa': False, 'num_ctx': 1024, 'num_batch': 2, 'num_gpu': 1, 'main_gpu': 0, 'low_vram': False, 'f16_kv': True, 'vocab_only': False, 'use_mmap': True, 'use_mlock': False, 'num_thread': 8}",What a great question,
4,"{'num_keep': 5, 'seed': 40, 'num_predict': 100, 'top_k': 20, 'top_p': 0.9, 'tfs_z': 0.5, 'typical_p': 0.7, 'repeat_last_n': 33, 'temperature': 0, 'repeat_penalty': 1.2, 'presence_penalty': 1.5, 'frequency_penalty': 1.0, 'mirostat': 1, 'mirostat_tau': 0.8, 'mirostat_eta': 0.6, 'penalize_newline': True, 'stop': ['\n', 'user:'], 'numa': False, 'num_ctx': 1024, 'num_batch': 2, 'num_gpu': 1, 'main_gpu': 0, 'low_vram': False, 'f16_kv': True, 'vocab_only': False, 'use_mmap': True, 'use_mlock': False, 'num_thread': 8}",What a great question,
5,"{'num_keep': 5, 'seed': 40, 'num_predict': -1, 'top_k': 20, 'top_p': 0.9, 'tfs_z': 0.5, 'typical_p': 0.7, 'repeat_last_n': 33, 'temperature': 0, 'repeat_penalty': 1.2, 'presence_penalty': 1.5, 'frequency_penalty': 1.0, 'mirostat': 1, 'mirostat_tau': 0.8, 'mirostat_eta': 0.6, 'penalize_newline': True, 'stop': ['\n', 'user:'], 'numa': False, 'num_ctx': 1024, 'num_batch': 2, 'num_gpu': 1, 'main_gpu': 0, 'low_vram': False, 'f16_kv': True, 'vocab_only': False, 'use_mmap': True, 'use_mlock': False, 'num_thread': 8}",What a great question,
6,"{'num_keep': 5, 'seed': 40, 'num_predict': -1, 'top_k': 20, 'top_p': 0.9, 'tfs_z': 0.5, 'typical_p': 0.7, 'repeat_last_n': 33, 'temperature': 0, 'repeat_penalty': 1.2, 'presence_penalty': 1.5, 'frequency_penalty': 1.0, 'mirostat': 1, 'mirostat_tau': 0.8, 'mirostat_eta': 0.6, 'penalize_newline': True, 'stop': ['\n', 'user:'], 'numa': False, 'num_ctx': 1024, 'num_batch': 2, 'num_gpu': 1, 'main_gpu': 0, 'low_vram': False, 'f16_kv': True, 'vocab_only': False, 'use_mmap': True, 'use_mlock': False, 'num_thread': 8}",What a great question,
1,"{'num_keep': 10, 'seed': 40, 'num_predict': -1, 'top_k': 20, 'top_p': 0.9, 'tfs_z': 0.5, 'typical_p': 0.7, 'repeat_last_n': 33, 'temperature': 0, 'repeat_penalty': 1.2, 'presence_penalty': 1.5, 'frequency_penalty': 1.0, 'mirostat': 1, 'mirostat_tau': 0.8, 'mirostat_eta': 0.6, 'penalize_newline': True, 'stop': ['\n', 'user:'], 'numa': False, 'num_ctx': 1024, 'num_batch': 2, 'num_gpu': 1, 'main_gpu': 0, 'low_vram': False, 'f16_kv': True, 'vocab_only': False, 'use_mmap': True, 'use_mlock': False, 'num_thread': 8}",What a great question,
2,"{'num_keep': 10, 'seed': 40, 'num_predict': -1, 'top_k': 20, 'top_p': 0.9, 'tfs_z': 0.5, 'typical_p': 0.7, 'repeat_last_n': 33, 'temperature': 0, 'repeat_penalty': 1.2, 'presence_penalty': 1.5, 'frequency_penalty': 1.0, 'mirostat': 1, 'mirostat_tau': 0.8, 'mirostat_eta': 0.6, 'penalize_newline': True, 'stop': ['\n', 'user:'], 'numa': False, 'num_ctx': 1024, 'num_batch': 2, 'num_gpu': 1, 'main_gpu': 0, 'low_vram': False, 'f16_kv': True, 'vocab_only': False, 'use_mmap': True, 'use_mlock': False, 'num_thread': 8}",What a great question,
3,"{'num_keep': 5, 'seed': 40, 'num_predict': 100, 'top_k': 20, 'top_p': 0.9, 'tfs_z': 0.5, 'typical_p': 0.7, 'repeat_last_n': 33, 'temperature': 0, 'repeat_penalty': 1.2, 'presence_penalty': 1.5, 'frequency_penalty': 1.0, 'mirostat': 1, 'mirostat_tau': 0.8, 'mirostat_eta': 0.6, 'penalize_newline': True, 'stop': ['\n', 'user:'], 'numa': False, 'num_ctx': 1024, 'num_batch': 2, 'num_gpu': 1, 'main_gpu': 0, 'low_vram': False, 'f16_kv': True, 'vocab_only': False, 'use_mmap': True, 'use_mlock': False, 'num_thread': 8}",What a great question,
4,"{'num_keep': 5, 'seed': 40, 'num_predict': 100, 'top_k': 20, 'top_p': 0.9, 'tfs_z': 0.5, 'typical_p': 0.7, 'repeat_last_n': 33, 'temperature': 0, 'repeat_penalty': 1.2, 'presence_penalty': 1.5, 'frequency_penalty': 1.0, 'mirostat': 1, 'mirostat_tau': 0.8, 'mirostat_eta': 0.6, 'penalize_newline': True, 'stop': ['\n', 'user:'], 'numa': False, 'num_ctx': 1024, 'num_batch': 2, 'num_gpu': 1, 'main_gpu': 0, 'low_vram': False, 'f16_kv': True, 'vocab_only': False, 'use_mmap': True, 'use_mlock': False, 'num_thread': 8}",What a great question,
5,"{'num_keep': 5, 'seed': 40, 'num_predict': -1, 'top_k': 20, 'top_p': 0.9, 'tfs_z': 0.5, 'typical_p': 0.7, 'repeat_last_n': 33, 'temperature': 0, 'repeat_penalty': 1.2, 'presence_penalty': 1.5, 'frequency_penalty': 1.0, 'mirostat': 1, 'mirostat_tau': 0.8, 'mirostat_eta': 0.6, 'penalize_newline': True, 'stop': ['\n', 'user:'], 'numa': False, 'num_ctx': 1024, 'num_batch': 2, 'num_gpu': 1, 'main_gpu': 0, 'low_vram': False, 'f16_kv': True, 'vocab_only': False, 'use_mmap': True, 'use_mlock': False, 'num_thread': 8}",What a great question,
6,"{'num_keep': 5, 'seed': 40, 'num_predict': -1, 'top_k': 20, 'top_p': 0.9, 'tfs_z': 0.5, 'typical_p': 0.7, 'repeat_last_n': 33, 'temperature': 0, 'repeat_penalty': 1.2, 'presence_penalty': 1.5, 'frequency_penalty': 1.0, 'mirostat': 1, 'mirostat_tau': 0.8, 'mirostat_eta': 0.6, 'penalize_newline': True, 'stop': ['\n', 'user:'], 'numa': False, 'num_ctx': 1024, 'num_batch': 2, 'num_gpu': 1, 'main_gpu': 0, 'low_vram': False, 'f16_kv': True, 'vocab_only': False, 'use_mmap': True, 'use_mlock': False, 'num_thread': 8}",What a great question,
1,"{'stream': True, 'num_keep': 10, 'seed': 40, 'num_predict': -1, 'top_k': 20, 'top_p': 0.9, 'tfs_z': 0.5, 'typical_p': 0.7, 'repeat_last_n': 33, 'temperature': 0, 'repeat_penalty': 1.2, 'presence_penalty': 1.5, 'frequency_penalty': 1.0, 'mirostat': 1, 'mirostat_tau': 0.8, 'mirostat_eta': 0.6, 'penalize_newline': True, 'stop': ['\n', 'user:'], 'numa': False, 'num_ctx': 1024, 'num_batch': 2, 'num_gpu': 1, 'main_gpu': 0, 'low_vram': False, 'f16_kv': True, 'vocab_only': False, 'use_mmap': True, 'use_mlock': False, 'num_thread': 8}",The color of the sky,
2,"{'stream': True, 'num_keep': 10, 'seed': 40, 'num_predict': -1, 'top_k': 20, 'top_p': 0.9, 'tfs_z': 0.5, 'typical_p': 0.7, 'repeat_last_n': 33, 'temperature': 0, 'repeat_penalty': 1.2, 'presence_penalty': 1.5, 'frequency_penalty': 1.0, 'mirostat': 1, 'mirostat_tau': 0.8, 'mirostat_eta': 0.6, 'penalize_newline': True, 'stop': ['\n', 'user:'], 'numa': False, 'num_ctx': 1024, 'num_batch': 2, 'num_gpu': 1, 'main_gpu': 0, 'low_vram': False, 'f16_kv': True, 'vocab_only': False, 'use_mmap': True, 'use_mlock': False, 'num_thread': 8}",The color of the sky,
3,"{'stream': True, 'num_keep': 5, 'seed': 40, 'num_predict': 100, 'top_k': 20, 'top_p': 0.9, 'tfs_z': 0.5, 'typical_p': 0.7, 'repeat_last_n': 33, 'temperature': 0, 'repeat_penalty': 1.2, 'presence_penalty': 1.5, 'frequency_penalty': 1.0, 'mirostat': 1, 'mirostat_tau': 0.8, 'mirostat_eta': 0.6, 'penalize_newline': True, 'stop': ['\n', 'user:'], 'numa': False, 'num_ctx': 1024, 'num_batch': 2, 'num_gpu': 1, 'main_gpu': 0, 'low_vram': False, 'f16_kv': True, 'vocab_only': False, 'use_mmap': True, 'use_mlock': False, 'num_thread': 8}",The color of the sky,
4,"{'stream': True, 'num_keep': 5, 'seed': 40, 'num_predict': 100, 'top_k': 20, 'top_p': 0.9, 'tfs_z': 0.5, 'typical_p': 0.7, 'repeat_last_n': 33, 'temperature': 0, 'repeat_penalty': 1.2, 'presence_penalty': 1.5, 'frequency_penalty': 1.0, 'mirostat': 1, 'mirostat_tau': 0.8, 'mirostat_eta': 0.6, 'penalize_newline': True, 'stop': ['\n', 'user:'], 'numa': False, 'num_ctx': 1024, 'num_batch': 2, 'num_gpu': 1, 'main_gpu': 0, 'low_vram': False, 'f16_kv': True, 'vocab_only': False, 'use_mmap': True, 'use_mlock': False, 'num_thread': 8}",The color of the sky,
5,"{'stream': True, 'num_keep': 5, 'seed': 40, 'num_predict': -1, 'top_k': 20, 'top_p': 0.9, 'tfs_z': 0.5, 'typical_p': 0.7, 'repeat_last_n': 33, 'temperature': 0, 'repeat_penalty': 1.2, 'presence_penalty': 1.5, 'frequency_penalty': 1.0, 'mirostat': 1, 'mirostat_tau': 0.8, 'mirostat_eta': 0.6, 'penalize_newline': True, 'stop': ['\n', 'user:'], 'numa': False, 'num_ctx': 1024, 'num_batch': 2, 'num_gpu': 1, 'main_gpu': 0, 'low_vram': False, 'f16_kv': True, 'vocab_only': False, 'use_mmap': True, 'use_mlock': False, 'num_thread': 8}",The color of the sky,
6,"{'stream': True, 'num_keep': 5, 'seed': 40, 'num_predict': -1, 'top_k': 20, 'top_p': 0.9, 'tfs_z': 0.5, 'typical_p': 0.7, 'repeat_last_n': 33, 'temperature': 0, 'repeat_penalty': 1.2, 'presence_penalty': 1.5, 'frequency_penalty': 1.0, 'mirostat': 1, 'mirostat_tau': 0.8, 'mirostat_eta': 0.6, 'penalize_newline': True, 'stop': ['\n', 'user:'], 'numa': False, 'num_ctx': 1024, 'num_batch': 2, 'num_gpu': 1, 'main_gpu': 0, 'low_vram': False, 'f16_kv': True, 'vocab_only': False, 'use_mmap': True, 'use_mlock': False, 'num_thread': 8}",The color of the sky,
1,"{'stream': True, 'num_keep': 30, 'seed': 40, 'num_predict': 100, 'top_k': 20, 'top_p': 0.9, 'tfs_z': 0.5, 'typical_p': 0.7, 'repeat_last_n': 33, 'temperature': 0, 'repeat_penalty': 1.2, 'presence_penalty': 1.5, 'frequency_penalty': 1.0, 'mirostat': 1, 'mirostat_tau': 0.8, 'mirostat_eta': 0.6, 'penalize_newline': True, 'stop': ['\n', 'user:'], 'numa': False, 'num_ctx': 1024, 'num_batch': 2, 'num_gpu': 1, 'main_gpu': 0, 'low_vram': False, 'f16_kv': True, 'vocab_only': False, 'use_mmap': True, 'use_mlock': False, 'num_thread': 8}",The color of the sky,
2,"{'stream': True, 'num_keep': 30, 'seed': 40, 'num_predict': 100, 'top_k': 20, 'top_p': 0.9, 'tfs_z': 0.5, 'typical_p': 0.7, 'repeat_last_n': 33, 'temperature': 0, 'repeat_penalty': 1.2, 'presence_penalty': 1.5, 'frequency_penalty': 1.0, 'mirostat': 1, 'mirostat_tau': 0.8, 'mirostat_eta': 0.6, 'penalize_newline': True, 'stop': ['\n', 'user:'], 'numa': False, 'num_ctx': 1024, 'num_batch': 2, 'num_gpu': 1, 'main_gpu': 0, 'low_vram': False, 'f16_kv': True, 'vocab_only': False, 'use_mmap': True, 'use_mlock': False, 'num_thread': 8}",The color of the sky,
3,"{'stream': True, 'num_keep': 5, 'seed': 40, 'num_predict': 100, 'top_k': 20, 'top_p': 0.9, 'tfs_z': 0.5, 'typical_p': 0.7, 'repeat_last_n': 33, 'temperature': 0, 'repeat_penalty': 1.2, 'presence_penalty': 1.5, 'frequency_penalty': 1.0, 'mirostat': 1, 'mirostat_tau': 0.8, 'mirostat_eta': 0.6, 'penalize_newline': True, 'stop': ['\n', 'user:'], 'numa': False, 'num_ctx': 1024, 'num_batch': 2, 'num_gpu': 1, 'main_gpu': 0, 'low_vram': False, 'f16_kv': True, 'vocab_only': False, 'use_mmap': True, 'use_mlock': False, 'num_thread': 8}",The color of the sky,
4,"{'stream': True, 'num_keep': 5, 'seed': 40, 'num_predict': 100, 'top_k': 20, 'top_p': 0.9, 'tfs_z': 0.5, 'typical_p': 0.7, 'repeat_last_n': 33, 'temperature': 0, 'repeat_penalty': 1.2, 'presence_penalty': 1.5, 'frequency_penalty': 1.0, 'mirostat': 1, 'mirostat_tau': 0.8, 'mirostat_eta': 0.6, 'penalize_newline': True, 'stop': ['\n', 'user:'], 'numa': False, 'num_ctx': 1024, 'num_batch': 2, 'num_gpu': 1, 'main_gpu': 0, 'low_vram': False, 'f16_kv': True, 'vocab_only': False, 'use_mmap': True, 'use_mlock': False, 'num_thread': 8}",The color of the sky,
5,"{'stream': True, 'num_keep': 5, 'seed': 40, 'num_predict': 100, 'top_k': 20, 'top_p': 0.9, 'tfs_z': 0.5, 'typical_p': 0.7, 'repeat_last_n': 33, 'temperature': 0, 'repeat_penalty': 1.2, 'presence_penalty': 1.5, 'frequency_penalty': 1.0, 'mirostat': 1, 'mirostat_tau': 0.8, 'mirostat_eta': 0.6, 'penalize_newline': True, 'stop': ['\n', 'user:'], 'numa': False, 'num_ctx': 1024, 'num_batch': 2, 'num_gpu': 1, 'main_gpu': 0, 'low_vram': False, 'f16_kv': True, 'vocab_only': False, 'use_mmap': True, 'use_mlock': False, 'num_thread': 8}",The color of the sky,
6,"{'stream': True, 'num_keep': 5, 'seed': 40, 'num_predict': 100, 'top_k': 20, 'top_p': 0.9, 'tfs_z': 0.5, 'typical_p': 0.7, 'repeat_last_n': 33, 'temperature': 0, 'repeat_penalty': 1.2, 'presence_penalty': 1.5, 'frequency_penalty': 1.0, 'mirostat': 1, 'mirostat_tau': 0.8, 'mirostat_eta': 0.6, 'penalize_newline': True, 'stop': ['\n', 'user:'], 'numa': False, 'num_ctx': 1024, 'num_batch': 2, 'num_gpu': 1, 'main_gpu': 0, 'low_vram': False, 'f16_kv': True, 'vocab_only': False, 'use_mmap': True, 'use_mlock': False, 'num_thread': 8}",The color of the sky,
1,"{'stream': True, 'num_keep': 30, 'seed': 40, 'num_predict': 100, 'top_k': 20, 'top_p': 0.9, 'tfs_z': 0.5, 'typical_p': 0.7, 'repeat_last_n': 33, 'temperature': 0, 'repeat_penalty': 1.2, 'presence_penalty': 1.5, 'frequency_penalty': 1.0, 'mirostat': 1, 'mirostat_tau': 0.8, 'mirostat_eta': 0.6, 'penalize_newline': True, 'stop': ['\n', 'user:'], 'numa': False, 'num_ctx': 1024, 'num_batch': 2, 'num_gpu': 1, 'main_gpu': 0, 'low_vram': False, 'f16_kv': True, 'vocab_only': False, 'use_mmap': True, 'use_mlock': False, 'num_thread': 8}",The color of the sky appears to be a shade of blue because of a phenomenon called Rayleigh scattering. This occurs when sunlight enters Earth's atmosphere and encounters tiny molecules of gases such as nitrogen (N2) and oxygen (O2,
2,"{'stream': True, 'num_keep': 30, 'seed': 40, 'num_predict': 100, 'top_k': 20, 'top_p': 0.9, 'tfs_z': 0.5, 'typical_p': 0.7, 'repeat_last_n': 33, 'temperature': 0, 'repeat_penalty': 1.2, 'presence_penalty': 1.5, 'frequency_penalty': 1.0, 'mirostat': 1, 'mirostat_tau': 0.8, 'mirostat_eta': 0.6, 'penalize_newline': True, 'stop': ['\n', 'user:'], 'numa': False, 'num_ctx': 1024, 'num_batch': 2, 'num_gpu': 1, 'main_gpu': 0, 'low_vram': False, 'f16_kv': True, 'vocab_only': False, 'use_mmap': True, 'use_mlock': False, 'num_thread': 8}",The color of the sky appears to be a shade of blue because of a phenomenon called Rayleigh scattering. This occurs when sunlight enters Earth's atmosphere and encounters tiny molecules of gases such as nitrogen (N2) and oxygen (O2,
3,"{'stream': True, 'num_keep': 5, 'seed': 40, 'num_predict': 100, 'top_k': 20, 'top_p': 0.9, 'tfs_z': 0.5, 'typical_p': 0.7, 'repeat_last_n': 33, 'temperature': 0, 'repeat_penalty': 1.2, 'presence_penalty': 1.5, 'frequency_penalty': 1.0, 'mirostat': 1, 'mirostat_tau': 0.8, 'mirostat_eta': 0.6, 'penalize_newline': True, 'stop': ['\n', 'user:'], 'numa': False, 'num_ctx': 1024, 'num_batch': 2, 'num_gpu': 1, 'main_gpu': 0, 'low_vram': False, 'f16_kv': True, 'vocab_only': False, 'use_mmap': True, 'use_mlock': False, 'num_thread': 8}",The color of the sky appears to be a shade of blue because of a phenomenon called Rayleigh scattering. This occurs when sunlight enters Earth's atmosphere and encounters tiny molecules of gases such as nitrogen (N2) and oxygen (O2,
4,"{'stream': True, 'num_keep': 5, 'seed': 40, 'num_predict': 100, 'top_k': 20, 'top_p': 0.9, 'tfs_z': 0.5, 'typical_p': 0.7, 'repeat_last_n': 33, 'temperature': 0, 'repeat_penalty': 1.2, 'presence_penalty': 1.5, 'frequency_penalty': 1.0, 'mirostat': 1, 'mirostat_tau': 0.8, 'mirostat_eta': 0.6, 'penalize_newline': True, 'stop': ['\n', 'user:'], 'numa': False, 'num_ctx': 1024, 'num_batch': 2, 'num_gpu': 1, 'main_gpu': 0, 'low_vram': False, 'f16_kv': True, 'vocab_only': False, 'use_mmap': True, 'use_mlock': False, 'num_thread': 8}",The color of the sky appears to be a shade of blue because of a phenomenon called Rayleigh scattering. This occurs when sunlight enters Earth's atmosphere and encounters tiny molecules of gases such as nitrogen (N2) and oxygen (O2,
5,"{'stream': True, 'num_keep': 5, 'seed': 40, 'num_predict': 100, 'top_k': 20, 'top_p': 0.9, 'tfs_z': 0.5, 'typical_p': 0.7, 'repeat_last_n': 33, 'temperature': 0, 'repeat_penalty': 1.2, 'presence_penalty': 1.5, 'frequency_penalty': 1.0, 'mirostat': 1, 'mirostat_tau': 0.8, 'mirostat_eta': 0.6, 'penalize_newline': True, 'stop': ['\n', 'user:'], 'numa': False, 'num_ctx': 1024, 'num_batch': 2, 'num_gpu': 1, 'main_gpu': 0, 'low_vram': False, 'f16_kv': True, 'vocab_only': False, 'use_mmap': True, 'use_mlock': False, 'num_thread': 8}",The color of the sky appears to be a shade of blue because of a phenomenon called Rayleigh scattering. This occurs when sunlight enters Earth's atmosphere and encounters tiny molecules of gases such as nitrogen (N2) and oxygen (O2,
6,"{'stream': True, 'num_keep': 5, 'seed': 40, 'num_predict': 100, 'top_k': 20, 'top_p': 0.9, 'tfs_z': 0.5, 'typical_p': 0.7, 'repeat_last_n': 33, 'temperature': 0, 'repeat_penalty': 1.2, 'presence_penalty': 1.5, 'frequency_penalty': 1.0, 'mirostat': 1, 'mirostat_tau': 0.8, 'mirostat_eta': 0.6, 'penalize_newline': True, 'stop': ['\n', 'user:'], 'numa': False, 'num_ctx': 1024, 'num_batch': 2, 'num_gpu': 1, 'main_gpu': 0, 'low_vram': False, 'f16_kv': True, 'vocab_only': False, 'use_mmap': True, 'use_mlock': False, 'num_thread': 8}",The color of the sky appears to be a shade of blue because of a phenomenon called Rayleigh scattering. This occurs when sunlight enters Earth's atmosphere and encounters tiny molecules of gases such as nitrogen (N2) and oxygen (O2,
1,"{'stream': True, 'num_keep': 30, 'seed': 40, 'num_predict': 100, 'top_k': 20, 'top_p': 0.9, 'tfs_z': 0.5, 'typical_p': 0.7, 'repeat_last_n': 33, 'temperature': 0, 'repeat_penalty': 1.2, 'presence_penalty': 1.5, 'frequency_penalty': 1.0, 'mirostat': 1, 'mirostat_tau': 0.8, 'mirostat_eta': 0.6, 'penalize_newline': True, 'stop': ['\n', 'user:'], 'numa': False, 'num_ctx': 1024, 'num_batch': 2, 'num_gpu': 1, 'main_gpu': 0, 'low_vram': False, 'f16_kv': True, 'vocab_only': False, 'use_mmap': True, 'use_mlock': False, 'num_thread': 8}",The color of the sky appears to be a shade of blue because of a phenomenon called Rayleigh scattering. This occurs when sunlight enters Earth's atmosphere and encounters tiny molecules of gases such as nitrogen (N2) and oxygen (O2,
2,"{'stream': True, 'num_keep': 30, 'seed': 40, 'num_predict': 100, 'top_k': 20, 'top_p': 0.9, 'tfs_z': 0.5, 'typical_p': 0.7, 'repeat_last_n': 33, 'temperature': 0, 'repeat_penalty': 1.2, 'presence_penalty': 1.5, 'frequency_penalty': 1.0, 'mirostat': 1, 'mirostat_tau': 0.8, 'mirostat_eta': 0.6, 'penalize_newline': True, 'stop': ['\n', 'user:'], 'numa': False, 'num_ctx': 1024, 'num_batch': 2, 'num_gpu': 1, 'main_gpu': 0, 'low_vram': False, 'f16_kv': True, 'vocab_only': False, 'use_mmap': True, 'use_mlock': False, 'num_thread': 8}",The color of the sky appears to be a shade of blue because of a phenomenon called Rayleigh scattering. This occurs when sunlight enters Earth's atmosphere and encounters tiny molecules of gases such as nitrogen (N2) and oxygen (O2,
3,"{'stream': True, 'num_keep': 5, 'seed': 40, 'num_predict': 100, 'top_k': 20, 'top_p': 0.9, 'tfs_z': 0.5, 'typical_p': 0.7, 'repeat_last_n': 33, 'temperature': 0, 'repeat_penalty': 1.2, 'presence_penalty': 1.5, 'frequency_penalty': 1.0, 'mirostat': 1, 'mirostat_tau': 0.8, 'mirostat_eta': 0.6, 'penalize_newline': True, 'stop': ['\n', 'user:'], 'numa': False, 'num_ctx': 1024, 'num_batch': 2, 'num_gpu': 1, 'main_gpu': 0, 'low_vram': False, 'f16_kv': True, 'vocab_only': False, 'use_mmap': True, 'use_mlock': False, 'num_thread': 8}",The color of the sky appears to be a shade of blue because of a phenomenon called Rayleigh scattering. This occurs when sunlight enters Earth's atmosphere and encounters tiny molecules of gases such as nitrogen (N2) and oxygen (O2,
4,"{'stream': True, 'num_keep': 5, 'seed': 40, 'num_predict': 100, 'top_k': 20, 'top_p': 0.9, 'tfs_z': 0.5, 'typical_p': 0.7, 'repeat_last_n': 33, 'temperature': 0, 'repeat_penalty': 1.2, 'presence_penalty': 1.5, 'frequency_penalty': 1.0, 'mirostat': 1, 'mirostat_tau': 0.8, 'mirostat_eta': 0.6, 'penalize_newline': True, 'stop': ['\n', 'user:'], 'numa': False, 'num_ctx': 1024, 'num_batch': 2, 'num_gpu': 1, 'main_gpu': 0, 'low_vram': False, 'f16_kv': True, 'vocab_only': False, 'use_mmap': True, 'use_mlock': False, 'num_thread': 8}",The color of the sky appears to be a shade of blue because of a phenomenon called Rayleigh scattering. This occurs when sunlight enters Earth's atmosphere and encounters tiny molecules of gases such as nitrogen (N2) and oxygen (O2,
5,"{'stream': True, 'num_keep': 5, 'seed': 40, 'num_predict': 100, 'top_k': 20, 'top_p': 0.9, 'tfs_z': 0.5, 'typical_p': 0.7, 'repeat_last_n': 33, 'temperature': 0, 'repeat_penalty': 1.2, 'presence_penalty': 1.5, 'frequency_penalty': 1.0, 'mirostat': 1, 'mirostat_tau': 0.8, 'mirostat_eta': 0.6, 'penalize_newline': True, 'stop': ['\n', 'user:'], 'numa': False, 'num_ctx': 1024, 'num_batch': 2, 'num_gpu': 1, 'main_gpu': 0, 'low_vram': False, 'f16_kv': True, 'vocab_only': False, 'use_mmap': True, 'use_mlock': False, 'num_thread': 8}",The color of the sky appears to be a shade of blue because of a phenomenon called Rayleigh scattering. This occurs when sunlight enters Earth's atmosphere and encounters tiny molecules of gases such as nitrogen (N2) and oxygen (O2,
6,"{'stream': True, 'num_keep': 5, 'seed': 40, 'num_predict': 100, 'top_k': 20, 'top_p': 0.9, 'tfs_z': 0.5, 'typical_p': 0.7, 'repeat_last_n': 33, 'temperature': 0, 'repeat_penalty': 1.2, 'presence_penalty': 1.5, 'frequency_penalty': 1.0, 'mirostat': 1, 'mirostat_tau': 0.8, 'mirostat_eta': 0.6, 'penalize_newline': True, 'stop': ['\n', 'user:'], 'numa': False, 'num_ctx': 1024, 'num_batch': 2, 'num_gpu': 1, 'main_gpu': 0, 'low_vram': False, 'f16_kv': True, 'vocab_only': False, 'use_mmap': True, 'use_mlock': False, 'num_thread': 8}",The color of the sky appears to be a shade of blue because of a phenomenon called Rayleigh scattering. This occurs when sunlight enters Earth's atmosphere and encounters tiny molecules of gases such as nitrogen (N2) and oxygen (O2,
1,"{'stream': True, 'num_keep': 30, 'seed': 40, 'num_predict': 100, 'top_k': 20, 'top_p': 0.9, 'tfs_z': 0.5, 'typical_p': 0.7, 'repeat_last_n': 33, 'temperature': 0, 'repeat_penalty': 1.2, 'presence_penalty': 1.5, 'frequency_penalty': 1.0, 'mirostat': 1, 'mirostat_tau': 0.8, 'mirostat_eta': 0.6, 'penalize_newline': True, 'stop': ['\n', 'user:'], 'numa': False, 'num_ctx': 1024, 'num_batch': 2, 'num_gpu': 1, 'main_gpu': 0, 'low_vram': False, 'f16_kv': True, 'vocab_only': False, 'use_mmap': True, 'use_mlock': False, 'num_thread': 8}",Yes.,
2,"{'stream': True, 'num_keep': 30, 'seed': 40, 'num_predict': 100, 'top_k': 20, 'top_p': 0.9, 'tfs_z': 0.5, 'typical_p': 0.7, 'repeat_last_n': 33, 'temperature': 0, 'repeat_penalty': 1.2, 'presence_penalty': 1.5, 'frequency_penalty': 1.0, 'mirostat': 1, 'mirostat_tau': 0.8, 'mirostat_eta': 0.6, 'penalize_newline': True, 'stop': ['\n', 'user:'], 'numa': False, 'num_ctx': 1024, 'num_batch': 2, 'num_gpu': 1, 'main_gpu': 0, 'low_vram': False, 'f16_kv': True, 'vocab_only': False, 'use_mmap': True, 'use_mlock': False, 'num_thread': 8}",I've detected the following personal identifiable information (PII) in the text,
3,"{'stream': True, 'num_keep': 5, 'seed': 40, 'num_predict': 100, 'top_k': 20, 'top_p': 0.9, 'tfs_z': 0.5, 'typical_p': 0.7, 'repeat_last_n': 33, 'temperature': 0, 'repeat_penalty': 1.2, 'presence_penalty': 1.5, 'frequency_penalty': 1.0, 'mirostat': 1, 'mirostat_tau': 0.8, 'mirostat_eta': 0.6, 'penalize_newline': True, 'stop': ['\n', 'user:'], 'numa': False, 'num_ctx': 1024, 'num_batch': 2, 'num_gpu': 1, 'main_gpu': 0, 'low_vram': False, 'f16_kv': True, 'vocab_only': False, 'use_mmap': True, 'use_mlock': False, 'num_thread': 8}",Yes.,
4,"{'stream': True, 'num_keep': 5, 'seed': 40, 'num_predict': 100, 'top_k': 20, 'top_p': 0.9, 'tfs_z': 0.5, 'typical_p': 0.7, 'repeat_last_n': 33, 'temperature': 0, 'repeat_penalty': 1.2, 'presence_penalty': 1.5, 'frequency_penalty': 1.0, 'mirostat': 1, 'mirostat_tau': 0.8, 'mirostat_eta': 0.6, 'penalize_newline': True, 'stop': ['\n', 'user:'], 'numa': False, 'num_ctx': 1024, 'num_batch': 2, 'num_gpu': 1, 'main_gpu': 0, 'low_vram': False, 'f16_kv': True, 'vocab_only': False, 'use_mmap': True, 'use_mlock': False, 'num_thread': 8}",I've detected the following personal identifiable information (PII) in the text,
5,"{'stream': True, 'num_keep': 5, 'seed': 40, 'num_predict': 100, 'top_k': 20, 'top_p': 0.9, 'tfs_z': 0.5, 'typical_p': 0.7, 'repeat_last_n': 33, 'temperature': 0, 'repeat_penalty': 1.2, 'presence_penalty': 1.5, 'frequency_penalty': 1.0, 'mirostat': 1, 'mirostat_tau': 0.8, 'mirostat_eta': 0.6, 'penalize_newline': True, 'stop': ['\n', 'user:'], 'numa': False, 'num_ctx': 1024, 'num_batch': 2, 'num_gpu': 1, 'main_gpu': 0, 'low_vram': False, 'f16_kv': True, 'vocab_only': False, 'use_mmap': True, 'use_mlock': False, 'num_thread': 8}",Yes.,
6,"{'stream': True, 'num_keep': 5, 'seed': 40, 'num_predict': 100, 'top_k': 20, 'top_p': 0.9, 'tfs_z': 0.5, 'typical_p': 0.7, 'repeat_last_n': 33, 'temperature': 0, 'repeat_penalty': 1.2, 'presence_penalty': 1.5, 'frequency_penalty': 1.0, 'mirostat': 1, 'mirostat_tau': 0.8, 'mirostat_eta': 0.6, 'penalize_newline': True, 'stop': ['\n', 'user:'], 'numa': False, 'num_ctx': 1024, 'num_batch': 2, 'num_gpu': 1, 'main_gpu': 0, 'low_vram': False, 'f16_kv': True, 'vocab_only': False, 'use_mmap': True, 'use_mlock': False, 'num_thread': 8}",I've detected the following personal identifiable information (PII) in the text,
1,"{'stream': True, 'num_keep': 30, 'seed': 40, 'num_predict': 100, 'top_k': 20, 'top_p': 0.9, 'tfs_z': 0.5, 'typical_p': 0.7, 'repeat_last_n': 33, 'temperature': 0, 'repeat_penalty': 1.2, 'presence_penalty': 1.5, 'frequency_penalty': 1.0, 'mirostat': 1, 'mirostat_tau': 0.8, 'mirostat_eta': 0.6, 'penalize_newline': True, 'stop': ['\n', 'user:'], 'numa': False, 'num_ctx': 1024, 'num_batch': 2, 'num_gpu': 1, 'main_gpu': 0, 'low_vram': False, 'f16_kv': True, 'vocab_only': False, 'use_mmap': True, 'use_mlock': False, 'num_thread': 8}",Yes.,
2,"{'stream': True, 'num_keep': 30, 'seed': 40, 'num_predict': 100, 'top_k': 20, 'top_p': 0.9, 'tfs_z': 0.5, 'typical_p': 0.7, 'repeat_last_n': 33, 'temperature': 0, 'repeat_penalty': 1.2, 'presence_penalty': 1.5, 'frequency_penalty': 1.0, 'mirostat': 1, 'mirostat_tau': 0.8, 'mirostat_eta': 0.6, 'penalize_newline': True, 'stop': ['\n', 'user:'], 'numa': False, 'num_ctx': 1024, 'num_batch': 2, 'num_gpu': 1, 'main_gpu': 0, 'low_vram': False, 'f16_kv': True, 'vocab_only': False, 'use_mmap': True, 'use_mlock': False, 'num_thread': 8}",Yes.,
3,"{'stream': True, 'num_keep': 5, 'seed': 40, 'num_predict': 100, 'top_k': 20, 'top_p': 0.9, 'tfs_z': 0.5, 'typical_p': 0.7, 'repeat_last_n': 33, 'temperature': 0, 'repeat_penalty': 1.2, 'presence_penalty': 1.5, 'frequency_penalty': 1.0, 'mirostat': 1, 'mirostat_tau': 0.8, 'mirostat_eta': 0.6, 'penalize_newline': True, 'stop': ['\n', 'user:'], 'numa': False, 'num_ctx': 1024, 'num_batch': 2, 'num_gpu': 1, 'main_gpu': 0, 'low_vram': False, 'f16_kv': True, 'vocab_only': False, 'use_mmap': True, 'use_mlock': False, 'num_thread': 8}",Yes.,
4,"{'stream': True, 'num_keep': 5, 'seed': 40, 'num_predict': 100, 'top_k': 20, 'top_p': 0.9, 'tfs_z': 0.5, 'typical_p': 0.7, 'repeat_last_n': 33, 'temperature': 0, 'repeat_penalty': 1.2, 'presence_penalty': 1.5, 'frequency_penalty': 1.0, 'mirostat': 1, 'mirostat_tau': 0.8, 'mirostat_eta': 0.6, 'penalize_newline': True, 'stop': ['\n', 'user:'], 'numa': False, 'num_ctx': 1024, 'num_batch': 2, 'num_gpu': 1, 'main_gpu': 0, 'low_vram': False, 'f16_kv': True, 'vocab_only': False, 'use_mmap': True, 'use_mlock': False, 'num_thread': 8}",Yes.,
5,"{'stream': True, 'num_keep': 5, 'seed': 40, 'num_predict': 100, 'top_k': 20, 'top_p': 0.9, 'tfs_z': 0.5, 'typical_p': 0.7, 'repeat_last_n': 33, 'temperature': 0, 'repeat_penalty': 1.2, 'presence_penalty': 1.5, 'frequency_penalty': 1.0, 'mirostat': 1, 'mirostat_tau': 0.8, 'mirostat_eta': 0.6, 'penalize_newline': True, 'stop': ['\n', 'user:'], 'numa': False, 'num_ctx': 1024, 'num_batch': 2, 'num_gpu': 1, 'main_gpu': 0, 'low_vram': False, 'f16_kv': True, 'vocab_only': False, 'use_mmap': True, 'use_mlock': False, 'num_thread': 8}",Yes.,
6,"{'stream': True, 'num_keep': 5, 'seed': 40, 'num_predict': 100, 'top_k': 20, 'top_p': 0.9, 'tfs_z': 0.5, 'typical_p': 0.7, 'repeat_last_n': 33, 'temperature': 0, 'repeat_penalty': 1.2, 'presence_penalty': 1.5, 'frequency_penalty': 1.0, 'mirostat': 1, 'mirostat_tau': 0.8, 'mirostat_eta': 0.6, 'penalize_newline': True, 'stop': ['\n', 'user:'], 'numa': False, 'num_ctx': 1024, 'num_batch': 2, 'num_gpu': 1, 'main_gpu': 0, 'low_vram': False, 'f16_kv': True, 'vocab_only': False, 'use_mmap': True, 'use_mlock': False, 'num_thread': 8}",Yes.,
